[
  {
    "title": "Registra tu nivel de glucosa por primera vez",
    "progress": 0.1,
    "points": 50
  },
  {
    "title": "Camina 30 minutos hoy",
    "progress": 0.1,
    "points": 50
  },
  {
    "title": "Registra tus comidas del día",
    "progress": 0.1,
    "points": 50
  },
  {
    "title": "Toma suficiente agua (al menos 2 litros)",
    "progress": 0.1,
    "points": 50
  },
  {
    "title": "Mide tu glucosa después de comer",
    "progress": 0.1,
    "points": 50
  },
  {
    "title": "Revisa tu registro semanal",
    "progress": 0.1,
    "points": 50
  },
  {
    "title": "Comparte un logro con tu familia o médico",
    "progress": 0.1,
    "points": 50
  },
  {
    "title": "Duerme al menos 7 horas esta noche",
    "progress": 0.1,
    "points": 50
  },
  {
    "title": "Evita bebidas azucaradas por un día",
    "progress": 0.1,
    "points": 50
  },
  {
    "title": "Actualiza tu peso y presión arterial",
    "progress": 0.1,
    "points": 50
  }
]
